,slope (kWh/lb-mi),slope unc (kWh/lb-mi),b (kWh/mi),b unc (kWh/mi)
0,1.2322676800081654e-05,1.2800066658189627e-06,1.2680013761969986,0.05127113441752656
